{"cameraMode":{"drawMode":0,"name":"Shaded","section":"Shading Mode"},"sceneLighting":true,"audioPlay":false,"sceneViewState":{"showFog":true,"showMaterialUpdate":false,"showSkybox":true,"showFlares":true,"showImageEffects":true,"showParticleSystems":true},"in2DMode":false,"pivot":{"x":-45.3675651550293,"y":0.9167404174804688,"z":44.456886291503909},"rotation":{"x":-0.07605654746294022,"y":-0.9107652306556702,"z":0.1944168657064438,"w":-0.3562876582145691},"size":3.310168981552124,"orthographic":false}